{"cameraMode":{"drawMode":0,"name":"Shaded","section":"Shading Mode"},"sceneLighting":true,"audioPlay":false,"sceneViewState":{"m_AlwaysRefresh":false,"showFog":true,"showSkybox":true,"showFlares":true,"showImageEffects":true,"showParticleSystems":true,"showVisualEffectGraphs":true,"m_FxEnabled":true},"in2DMode":false,"pivot":{"x":-0.21549659967422486,"y":0.19031000137329102,"z":5.498205661773682},"rotation":{"x":0.17783980071544648,"y":-0.014454281888902188,"z":0.0026130788028240206,"w":0.9839556217193604},"size":5.8623738288879398,"orthographic":false}